view	randomization	coupling
metabolic_crosstalk	1	0.03818744421005249
metabolic_crosstalk	2	0.025310248136520386
metabolic_crosstalk	3	0.034105248749256134
metabolic_crosstalk	4	0.03158949688076973
metabolic_crosstalk	5	0.03265412151813507
metabolic_crosstalk	6	0.03955167904496193
metabolic_crosstalk	7	0.03236924111843109
metabolic_crosstalk	8	0.0392841212451458
metabolic_crosstalk	9	0.030198872089385986
metabolic_crosstalk	10	0.03017355687916279
metabolic_crosstalk	11	0.03964448720216751
metabolic_crosstalk	12	0.03652956709265709
metabolic_crosstalk	13	0.031601354479789734
metabolic_crosstalk	14	0.03215639293193817
metabolic_crosstalk	15	0.03085673600435257
metabolic_crosstalk	16	0.02795269340276718
metabolic_crosstalk	17	0.040146682411432266
metabolic_crosstalk	18	0.038511697202920914
metabolic_crosstalk	19	0.02717796340584755
metabolic_crosstalk	20	0.0328143872320652
metabolic_crosstalk	21	0.027305062860250473
metabolic_crosstalk	22	0.025218483060598373
metabolic_crosstalk	23	0.033892493695020676
metabolic_crosstalk	24	0.030886271968483925
metabolic_crosstalk	25	0.030791638419032097
metabolic_crosstalk	26	0.03872152790427208
metabolic_crosstalk	27	0.030845845118165016
metabolic_crosstalk	28	0.02751050889492035
metabolic_crosstalk	29	0.03359995782375336
metabolic_crosstalk	30	0.025200113654136658
metabolic_crosstalk	31	0.03438159450888634
metabolic_crosstalk	32	0.03137356415390968
metabolic_crosstalk	33	0.027821730822324753
metabolic_crosstalk	34	0.03996838629245758
metabolic_crosstalk	35	0.034421082586050034
metabolic_crosstalk	36	0.040368493646383286
metabolic_crosstalk	37	0.03026016242802143
metabolic_crosstalk	38	0.03031310997903347
metabolic_crosstalk	39	0.03326180949807167
metabolic_crosstalk	40	0.02890433929860592
metabolic_crosstalk	41	0.03991025313735008
metabolic_crosstalk	42	0.043326664716005325
metabolic_crosstalk	43	0.031138403341174126
metabolic_crosstalk	44	0.025217920541763306
metabolic_crosstalk	45	0.03091779164969921
metabolic_crosstalk	46	0.03025410883128643
metabolic_crosstalk	47	0.03126829117536545
metabolic_crosstalk	48	0.03522980213165283
metabolic_crosstalk	49	0.035890351980924606
metabolic_crosstalk	50	0.03205433487892151
metabolic_crosstalk	51	0.03213746100664139
metabolic_crosstalk	52	0.027310390025377274
metabolic_crosstalk	53	0.030321549624204636
metabolic_crosstalk	54	0.026903005316853523
metabolic_crosstalk	55	0.03868629410862923
metabolic_crosstalk	56	0.037645675241947174
metabolic_crosstalk	57	0.029414882883429527
metabolic_crosstalk	58	0.039009805768728256
metabolic_crosstalk	59	0.028304513543844223
metabolic_crosstalk	60	0.030797386541962624
metabolic_crosstalk	61	0.039228715002536774
metabolic_crosstalk	62	0.030874693766236305
metabolic_crosstalk	63	0.03821663185954094
metabolic_crosstalk	64	0.024659324437379837
metabolic_crosstalk	65	0.03040333464741707
metabolic_crosstalk	66	0.03667213395237923
metabolic_crosstalk	67	0.02870035171508789
metabolic_crosstalk	68	0.029129769653081894
metabolic_crosstalk	69	0.0298090111464262
metabolic_crosstalk	70	0.03384452685713768
metabolic_crosstalk	71	0.02377011999487877
metabolic_crosstalk	72	0.035363730043172836
metabolic_crosstalk	73	0.029976660385727882
metabolic_crosstalk	74	0.03242048621177673
metabolic_crosstalk	75	0.0317058339715004
metabolic_crosstalk	76	0.03755468875169754
metabolic_crosstalk	77	0.029147597029805183
metabolic_crosstalk	78	0.029225800186395645
metabolic_crosstalk	79	0.033735599368810654
metabolic_crosstalk	80	0.033253833651542664
metabolic_crosstalk	81	0.046752505004405975
metabolic_crosstalk	82	0.03632384166121483
metabolic_crosstalk	83	0.03491419181227684
metabolic_crosstalk	84	0.03426547721028328
metabolic_crosstalk	85	0.03562608361244202
metabolic_crosstalk	86	0.031880225986242294
metabolic_crosstalk	87	0.031087394803762436
metabolic_crosstalk	88	0.02816438302397728
metabolic_crosstalk	89	0.04363264515995979
metabolic_crosstalk	90	0.02599993161857128
metabolic_crosstalk	91	0.025957992300391197
metabolic_crosstalk	92	0.034762416034936905
metabolic_crosstalk	93	0.03485829010605812
metabolic_crosstalk	94	0.026958946138620377
metabolic_crosstalk	95	0.031030267477035522
metabolic_crosstalk	96	0.03633446618914604
metabolic_crosstalk	97	0.032598916441202164
metabolic_crosstalk	98	0.03705265372991562
metabolic_crosstalk	99	0.032510075718164444
metabolic_crosstalk	100	0.026469601318240166
metabolic_crosstalk	101	0.030006201937794685
metabolic_crosstalk	102	0.03284761309623718
metabolic_crosstalk	103	0.035565100610256195
metabolic_crosstalk	104	0.02949368767440319
metabolic_crosstalk	105	0.029626905918121338
metabolic_crosstalk	106	0.02604340948164463
metabolic_crosstalk	107	0.029296403750777245
metabolic_crosstalk	108	0.029690926894545555
metabolic_crosstalk	109	0.029139963909983635
metabolic_crosstalk	110	0.03629578277468681
metabolic_crosstalk	111	0.026912450790405273
metabolic_crosstalk	112	0.03811389580368996
metabolic_crosstalk	113	0.031309161335229874
metabolic_crosstalk	114	0.022804224863648415
metabolic_crosstalk	115	0.034530434757471085
metabolic_crosstalk	116	0.03262278065085411
metabolic_crosstalk	117	0.030614910647273064
metabolic_crosstalk	118	0.027963686734437943
metabolic_crosstalk	119	0.029610401019454002
metabolic_crosstalk	120	0.03429077938199043
metabolic_crosstalk	121	0.02720426581799984
metabolic_crosstalk	122	0.03072565421462059
metabolic_crosstalk	123	0.03432749584317207
metabolic_crosstalk	124	0.03309044986963272
metabolic_crosstalk	125	0.02852661721408367
metabolic_crosstalk	126	0.028281813487410545
metabolic_crosstalk	127	0.02847428247332573
metabolic_crosstalk	128	0.023522531613707542
metabolic_crosstalk	129	0.027004260569810867
metabolic_crosstalk	130	0.03041049651801586
metabolic_crosstalk	131	0.028954410925507545
metabolic_crosstalk	132	0.02865401655435562
metabolic_crosstalk	133	0.027620678767561913
metabolic_crosstalk	134	0.022686291486024857
metabolic_crosstalk	135	0.04293721541762352
metabolic_crosstalk	136	0.03403322026133537
metabolic_crosstalk	137	0.02841363288462162
metabolic_crosstalk	138	0.0369037501513958
metabolic_crosstalk	139	0.041962478309869766
metabolic_crosstalk	140	0.03762071207165718
metabolic_crosstalk	141	0.034571245312690735
metabolic_crosstalk	142	0.024422073736786842
metabolic_crosstalk	143	0.02104450948536396
metabolic_crosstalk	144	0.03200514614582062
metabolic_crosstalk	145	0.03243611380457878
metabolic_crosstalk	146	0.03904562070965767
metabolic_crosstalk	147	0.030499214306473732
metabolic_crosstalk	148	0.02954261191189289
metabolic_crosstalk	149	0.030949141830205917
metabolic_crosstalk	150	0.025965241715312004
metabolic_crosstalk	151	0.02837512083351612
metabolic_crosstalk	152	0.03033538907766342
metabolic_crosstalk	153	0.030806591734290123
metabolic_crosstalk	154	0.03682512417435646
metabolic_crosstalk	155	0.032142188400030136
metabolic_crosstalk	156	0.03500261902809143
metabolic_crosstalk	157	0.032906536012887955
metabolic_crosstalk	158	0.03409109637141228
metabolic_crosstalk	159	0.023766759783029556
metabolic_crosstalk	160	0.024604417383670807
metabolic_crosstalk	161	0.04372408613562584
metabolic_crosstalk	162	0.02832767181098461
metabolic_crosstalk	163	0.040305424481630325
metabolic_crosstalk	164	0.03015798330307007
metabolic_crosstalk	165	0.0239923857152462
metabolic_crosstalk	166	0.02709982916712761
metabolic_crosstalk	167	0.022377941757440567
metabolic_crosstalk	168	0.03274037316441536
metabolic_crosstalk	169	0.029445089399814606
metabolic_crosstalk	170	0.04045797511935234
metabolic_crosstalk	171	0.028040867298841476
metabolic_crosstalk	172	0.041653599590063095
metabolic_crosstalk	173	0.028583234176039696
metabolic_crosstalk	174	0.026879912242293358
metabolic_crosstalk	175	0.044098906219005585
metabolic_crosstalk	176	0.028978299349546432
metabolic_crosstalk	177	0.03043232671916485
metabolic_crosstalk	178	0.03246939554810524
metabolic_crosstalk	179	0.02890266478061676
metabolic_crosstalk	180	0.0325932614505291
metabolic_crosstalk	181	0.022972101345658302
metabolic_crosstalk	182	0.030094588175415993
metabolic_crosstalk	183	0.02905203588306904
metabolic_crosstalk	184	0.026628339663147926
metabolic_crosstalk	185	0.034784119576215744
metabolic_crosstalk	186	0.04033677279949188
metabolic_crosstalk	187	0.030488058924674988
metabolic_crosstalk	188	0.03405541554093361
metabolic_crosstalk	189	0.02980615571141243
metabolic_crosstalk	190	0.027885328978300095
metabolic_crosstalk	191	0.025266436859965324
metabolic_crosstalk	192	0.03248845413327217
metabolic_crosstalk	193	0.02841944992542267
metabolic_crosstalk	194	0.026013698428869247
metabolic_crosstalk	195	0.0265934020280838
metabolic_crosstalk	196	0.03551488742232323
metabolic_crosstalk	197	0.03383916616439819
metabolic_crosstalk	198	0.029504477977752686
metabolic_crosstalk	199	0.029340703040361404
metabolic_crosstalk	200	0.04254281520843506
metabolic_crosstalk	201	0.025689786300063133
metabolic_crosstalk	202	0.027939630672335625
metabolic_crosstalk	203	0.03234025463461876
metabolic_crosstalk	204	0.03318299353122711
metabolic_crosstalk	205	0.03429977595806122
metabolic_crosstalk	206	0.026119736954569817
metabolic_crosstalk	207	0.03105352073907852
metabolic_crosstalk	208	0.047895293682813644
metabolic_crosstalk	209	0.03575792908668518
metabolic_crosstalk	210	0.029770568013191223
metabolic_crosstalk	211	0.027391601353883743
metabolic_crosstalk	212	0.039236366748809814
metabolic_crosstalk	213	0.030895335599780083
metabolic_crosstalk	214	0.02892080880701542
metabolic_crosstalk	215	0.030334390699863434
metabolic_crosstalk	216	0.026862328872084618
metabolic_crosstalk	217	0.02867882139980793
metabolic_crosstalk	218	0.03279053419828415
metabolic_crosstalk	219	0.03462614864110947
metabolic_crosstalk	220	0.027701059356331825
metabolic_crosstalk	221	0.040105774998664856
metabolic_crosstalk	222	0.025274794548749924
metabolic_crosstalk	223	0.031337935477495193
metabolic_crosstalk	224	0.03961452469229698
metabolic_crosstalk	225	0.029039235785603523
metabolic_crosstalk	226	0.029581518843770027
metabolic_crosstalk	227	0.032833416014909744
metabolic_crosstalk	228	0.04698813706636429
metabolic_crosstalk	229	0.036401815712451935
metabolic_crosstalk	230	0.03544280305504799
metabolic_crosstalk	231	0.03615958243608475
metabolic_crosstalk	232	0.03467537462711334
metabolic_crosstalk	233	0.03198349475860596
metabolic_crosstalk	234	0.04566662386059761
metabolic_crosstalk	235	0.03521139919757843
metabolic_crosstalk	236	0.025993116199970245
metabolic_crosstalk	237	0.028964074328541756
metabolic_crosstalk	238	0.03266824036836624
metabolic_crosstalk	239	0.03752627596259117
metabolic_crosstalk	240	0.02782154642045498
metabolic_crosstalk	241	0.0337408185005188
metabolic_crosstalk	242	0.03283269703388214
metabolic_crosstalk	243	0.02673526108264923
metabolic_crosstalk	244	0.027980521321296692
metabolic_crosstalk	245	0.03143545985221863
metabolic_crosstalk	246	0.039790403097867966
metabolic_crosstalk	247	0.03689967468380928
metabolic_crosstalk	248	0.03524653613567352
metabolic_crosstalk	249	0.02676697075366974
metabolic_crosstalk	250	0.02634001150727272
metabolic_crosstalk	251	0.027900412678718567
metabolic_crosstalk	252	0.029538756236433983
metabolic_crosstalk	253	0.03364282101392746
metabolic_crosstalk	254	0.03591090440750122
metabolic_crosstalk	255	0.038568537682294846
metabolic_crosstalk	256	0.031248264014720917
metabolic_crosstalk	257	0.041409194469451904
metabolic_crosstalk	258	0.028055241331458092
metabolic_crosstalk	259	0.027607262134552002
metabolic_crosstalk	260	0.031581323593854904
metabolic_crosstalk	261	0.02724815346300602
metabolic_crosstalk	262	0.033364828675985336
metabolic_crosstalk	263	0.034229837357997894
metabolic_crosstalk	264	0.03407854586839676
metabolic_crosstalk	265	0.03211042284965515
metabolic_crosstalk	266	0.024534078314900398
metabolic_crosstalk	267	0.039011307060718536
metabolic_crosstalk	268	0.030936939641833305
metabolic_crosstalk	269	0.021197952330112457
metabolic_crosstalk	270	0.04055574908852577
metabolic_crosstalk	271	0.028573932126164436
metabolic_crosstalk	272	0.024060767143964767
metabolic_crosstalk	273	0.026089001446962357
metabolic_crosstalk	274	0.03636569902300835
metabolic_crosstalk	275	0.030021673068404198
metabolic_crosstalk	276	0.033881887793540955
metabolic_crosstalk	277	0.0346670038998127
metabolic_crosstalk	278	0.033606819808483124
metabolic_crosstalk	279	0.0325462706387043
metabolic_crosstalk	280	0.029620328918099403
metabolic_crosstalk	281	0.03002573736011982
metabolic_crosstalk	282	0.03977665305137634
metabolic_crosstalk	283	0.027577221393585205
metabolic_crosstalk	284	0.027276115491986275
metabolic_crosstalk	285	0.032049622386693954
metabolic_crosstalk	286	0.039972566068172455
metabolic_crosstalk	287	0.030954280868172646
metabolic_crosstalk	288	0.03662446513772011
metabolic_crosstalk	289	0.030271241441369057
metabolic_crosstalk	290	0.036285314708948135
metabolic_crosstalk	291	0.03949332609772682
metabolic_crosstalk	292	0.028666099533438683
metabolic_crosstalk	293	0.026285458356142044
metabolic_crosstalk	294	0.03353079408407211
metabolic_crosstalk	295	0.03160432353615761
metabolic_crosstalk	296	0.03019404411315918
metabolic_crosstalk	297	0.03234698623418808
metabolic_crosstalk	298	0.034260094165802
metabolic_crosstalk	299	0.031523481011390686
metabolic_crosstalk	300	0.032905660569667816
metabolic_crosstalk	301	0.03187721222639084
metabolic_crosstalk	302	0.037818945944309235
metabolic_crosstalk	303	0.030915934592485428
metabolic_crosstalk	304	0.027910057455301285
metabolic_crosstalk	305	0.03754127025604248
metabolic_crosstalk	306	0.057685624808073044
metabolic_crosstalk	307	0.029800230637192726
metabolic_crosstalk	308	0.030055928975343704
metabolic_crosstalk	309	0.03875689581036568
metabolic_crosstalk	310	0.030510352924466133
metabolic_crosstalk	311	0.0439331978559494
metabolic_crosstalk	312	0.027531223371624947
metabolic_crosstalk	313	0.03610047698020935
metabolic_crosstalk	314	0.03438027575612068
metabolic_crosstalk	315	0.026886090636253357
metabolic_crosstalk	316	0.033885449171066284
metabolic_crosstalk	317	0.03980209305882454
metabolic_crosstalk	318	0.03552539274096489
metabolic_crosstalk	319	0.0322444811463356
metabolic_crosstalk	320	0.028200766071677208
metabolic_crosstalk	321	0.02873554825782776
metabolic_crosstalk	322	0.029314903542399406
metabolic_crosstalk	323	0.02717236801981926
metabolic_crosstalk	324	0.030562274158000946
metabolic_crosstalk	325	0.03671812638640404
metabolic_crosstalk	326	0.02500222437083721
metabolic_crosstalk	327	0.021223818883299828
metabolic_crosstalk	328	0.03437168896198273
metabolic_crosstalk	329	0.024595847353339195
metabolic_crosstalk	330	0.03280261531472206
metabolic_crosstalk	331	0.04134353622794151
metabolic_crosstalk	332	0.03845139965415001
metabolic_crosstalk	333	0.04022188484668732
metabolic_crosstalk	334	0.026996513828635216
metabolic_crosstalk	335	0.03308621048927307
metabolic_crosstalk	336	0.031656038016080856
metabolic_crosstalk	337	0.0307691041380167
metabolic_crosstalk	338	0.02981923148036003
metabolic_crosstalk	339	0.030031369999051094
metabolic_crosstalk	340	0.0267599169164896
metabolic_crosstalk	341	0.02756643295288086
metabolic_crosstalk	342	0.033928610384464264
metabolic_crosstalk	343	0.028398338705301285
metabolic_crosstalk	344	0.02873045578598976
metabolic_crosstalk	345	0.03881147503852844
metabolic_crosstalk	346	0.039053820073604584
metabolic_crosstalk	347	0.03299484774470329
metabolic_crosstalk	348	0.03549746051430702
metabolic_crosstalk	349	0.02623872458934784
metabolic_crosstalk	350	0.03534771129488945
metabolic_crosstalk	351	0.03677509352564812
metabolic_crosstalk	352	0.037366949021816254
metabolic_crosstalk	353	0.022431282326579094
metabolic_crosstalk	354	0.04070167616009712
metabolic_crosstalk	355	0.03163311257958412
metabolic_crosstalk	356	0.023612089455127716
metabolic_crosstalk	357	0.02914508245885372
metabolic_crosstalk	358	0.02961449883878231
metabolic_crosstalk	359	0.02605512924492359
metabolic_crosstalk	360	0.03067580796778202
metabolic_crosstalk	361	0.029179859906435013
metabolic_crosstalk	362	0.03316174075007439
metabolic_crosstalk	363	0.03004416823387146
metabolic_crosstalk	364	0.027659282088279724
metabolic_crosstalk	365	0.03098551370203495
metabolic_crosstalk	366	0.03096923418343067
metabolic_crosstalk	367	0.03817473724484444
metabolic_crosstalk	368	0.03080499917268753
metabolic_crosstalk	369	0.03343178331851959
metabolic_crosstalk	370	0.038111720234155655
metabolic_crosstalk	371	0.03827548027038574
metabolic_crosstalk	372	0.022263307124376297
metabolic_crosstalk	373	0.026664720848202705
metabolic_crosstalk	374	0.032444458454847336
metabolic_crosstalk	375	0.02680337242782116
metabolic_crosstalk	376	0.03388148173689842
metabolic_crosstalk	377	0.025414619594812393
metabolic_crosstalk	378	0.03689882159233093
metabolic_crosstalk	379	0.027481354773044586
metabolic_crosstalk	380	0.04560655355453491
metabolic_crosstalk	381	0.025623228400945663
metabolic_crosstalk	382	0.03715827688574791
metabolic_crosstalk	383	0.025783535093069077
metabolic_crosstalk	384	0.035149719566106796
metabolic_crosstalk	385	0.02855917625129223
metabolic_crosstalk	386	0.03549235314130783
metabolic_crosstalk	387	0.027752557769417763
metabolic_crosstalk	388	0.03074033185839653
metabolic_crosstalk	389	0.03406748175621033
metabolic_crosstalk	390	0.023074710741639137
metabolic_crosstalk	391	0.02674710936844349
metabolic_crosstalk	392	0.02952091209590435
metabolic_crosstalk	393	0.03194277361035347
metabolic_crosstalk	394	0.03951246291399002
metabolic_crosstalk	395	0.029271693900227547
metabolic_crosstalk	396	0.027683960273861885
metabolic_crosstalk	397	0.03761822357773781
metabolic_crosstalk	398	0.02938130311667919
metabolic_crosstalk	399	0.029904676601290703
metabolic_crosstalk	400	0.023600570857524872
metabolic_crosstalk	401	0.033167384564876556
metabolic_crosstalk	402	0.04070521146059036
metabolic_crosstalk	403	0.024455541744828224
metabolic_crosstalk	404	0.025113865733146667
metabolic_crosstalk	405	0.03122478723526001
metabolic_crosstalk	406	0.03820960223674774
metabolic_crosstalk	407	0.02621370553970337
metabolic_crosstalk	408	0.03020865097641945
metabolic_crosstalk	409	0.031201845034956932
metabolic_crosstalk	410	0.028339188545942307
metabolic_crosstalk	411	0.04258940741419792
metabolic_crosstalk	412	0.04280636087059975
metabolic_crosstalk	413	0.025802265852689743
metabolic_crosstalk	414	0.029884738847613335
metabolic_crosstalk	415	0.03879351168870926
metabolic_crosstalk	416	0.043731626123189926
metabolic_crosstalk	417	0.028217436745762825
metabolic_crosstalk	418	0.028392178937792778
metabolic_crosstalk	419	0.025645067915320396
metabolic_crosstalk	420	0.0360308401286602
metabolic_crosstalk	421	0.023865727707743645
metabolic_crosstalk	422	0.036275606602430344
metabolic_crosstalk	423	0.024239152669906616
metabolic_crosstalk	424	0.0373692512512207
metabolic_crosstalk	425	0.03236689418554306
metabolic_crosstalk	426	0.027247248217463493
metabolic_crosstalk	427	0.029965292662382126
metabolic_crosstalk	428	0.026469074189662933
metabolic_crosstalk	429	0.04158148914575577
metabolic_crosstalk	430	0.03035881370306015
metabolic_crosstalk	431	0.036258723586797714
metabolic_crosstalk	432	0.03331966698169708
metabolic_crosstalk	433	0.028301099315285683
metabolic_crosstalk	434	0.032372113317251205
metabolic_crosstalk	435	0.028639622032642365
metabolic_crosstalk	436	0.027771543711423874
metabolic_crosstalk	437	0.027362588793039322
metabolic_crosstalk	438	0.03400038555264473
metabolic_crosstalk	439	0.02758849784731865
metabolic_crosstalk	440	0.03028615564107895
metabolic_crosstalk	441	0.03544221818447113
metabolic_crosstalk	442	0.03537115454673767
metabolic_crosstalk	443	0.02829635888338089
metabolic_crosstalk	444	0.03205319121479988
metabolic_crosstalk	445	0.034796226769685745
metabolic_crosstalk	446	0.040040887892246246
metabolic_crosstalk	447	0.026778431609272957
metabolic_crosstalk	448	0.028353767469525337
metabolic_crosstalk	449	0.028201138600707054
metabolic_crosstalk	450	0.033359967172145844
metabolic_crosstalk	451	0.03588028624653816
metabolic_crosstalk	452	0.0319252572953701
metabolic_crosstalk	453	0.02577073872089386
metabolic_crosstalk	454	0.029152886942029
metabolic_crosstalk	455	0.025835150852799416
metabolic_crosstalk	456	0.020673440769314766
metabolic_crosstalk	457	0.03249216452240944
metabolic_crosstalk	458	0.02652527578175068
metabolic_crosstalk	459	0.02489680051803589
metabolic_crosstalk	460	0.02647596411406994
metabolic_crosstalk	461	0.03296912461519241
metabolic_crosstalk	462	0.03374237194657326
metabolic_crosstalk	463	0.028612924739718437
metabolic_crosstalk	464	0.031546104699373245
metabolic_crosstalk	465	0.034373313188552856
metabolic_crosstalk	466	0.028546549379825592
metabolic_crosstalk	467	0.02958156354725361
metabolic_crosstalk	468	0.027987245470285416
metabolic_crosstalk	469	0.04065980389714241
metabolic_crosstalk	470	0.028609896078705788
metabolic_crosstalk	471	0.048128433525562286
metabolic_crosstalk	472	0.029975993558764458
metabolic_crosstalk	473	0.033033911138772964
metabolic_crosstalk	474	0.029789559543132782
metabolic_crosstalk	475	0.037315309047698975
metabolic_crosstalk	476	0.029606347903609276
metabolic_crosstalk	477	0.030502643436193466
metabolic_crosstalk	478	0.03336107358336449
metabolic_crosstalk	479	0.02439081482589245
metabolic_crosstalk	480	0.03194885328412056
metabolic_crosstalk	481	0.030857080593705177
metabolic_crosstalk	482	0.035033002495765686
metabolic_crosstalk	483	0.031269777566194534
metabolic_crosstalk	484	0.03690694272518158
metabolic_crosstalk	485	0.032436612993478775
metabolic_crosstalk	486	0.028801705688238144
metabolic_crosstalk	487	0.03255508467555046
metabolic_crosstalk	488	0.04010353609919548
metabolic_crosstalk	489	0.031018927693367004
metabolic_crosstalk	490	0.025511566549539566
metabolic_crosstalk	491	0.023101244121789932
metabolic_crosstalk	492	0.025873346254229546
metabolic_crosstalk	493	0.0358956977725029
metabolic_crosstalk	494	0.030544059351086617
metabolic_crosstalk	495	0.02563302032649517
metabolic_crosstalk	496	0.024676810950040817
metabolic_crosstalk	497	0.029281310737133026
metabolic_crosstalk	498	0.03402698412537575
metabolic_crosstalk	499	0.03161142021417618
metabolic_crosstalk	500	0.026751860976219177
metabolic_crosstalk	501	0.032144393771886826
metabolic_crosstalk	502	0.022015642374753952
metabolic_crosstalk	503	0.028863651677966118
metabolic_crosstalk	504	0.02508036606013775
metabolic_crosstalk	505	0.025526702404022217
metabolic_crosstalk	506	0.025902824476361275
metabolic_crosstalk	507	0.02929074689745903
metabolic_crosstalk	508	0.02838897705078125
metabolic_crosstalk	509	0.031816013157367706
metabolic_crosstalk	510	0.036543942987918854
metabolic_crosstalk	511	0.02747991867363453
metabolic_crosstalk	512	0.03195297718048096
metabolic_crosstalk	513	0.03118116408586502
metabolic_crosstalk	514	0.03304843604564667
metabolic_crosstalk	515	0.03486775606870651
metabolic_crosstalk	516	0.02799159288406372
metabolic_crosstalk	517	0.02589845098555088
metabolic_crosstalk	518	0.030256353318691254
metabolic_crosstalk	519	0.02834032103419304
metabolic_crosstalk	520	0.03292817994952202
metabolic_crosstalk	521	0.028125299140810966
metabolic_crosstalk	522	0.02962655760347843
metabolic_crosstalk	523	0.029668785631656647
metabolic_crosstalk	524	0.030217844992876053
metabolic_crosstalk	525	0.03484911099076271
metabolic_crosstalk	526	0.03330077975988388
metabolic_crosstalk	527	0.03572854399681091
metabolic_crosstalk	528	0.04005821421742439
metabolic_crosstalk	529	0.030845658853650093
metabolic_crosstalk	530	0.03515900671482086
metabolic_crosstalk	531	0.02607264183461666
metabolic_crosstalk	532	0.031002992764115334
metabolic_crosstalk	533	0.028355630114674568
metabolic_crosstalk	534	0.03330095112323761
metabolic_crosstalk	535	0.02435292862355709
metabolic_crosstalk	536	0.02521658129990101
metabolic_crosstalk	537	0.03628129884600639
metabolic_crosstalk	538	0.028134571388363838
metabolic_crosstalk	539	0.03376585617661476
metabolic_crosstalk	540	0.02772824652493
metabolic_crosstalk	541	0.03647879883646965
metabolic_crosstalk	542	0.02706107683479786
metabolic_crosstalk	543	0.03609967976808548
metabolic_crosstalk	544	0.03116663545370102
metabolic_crosstalk	545	0.040073275566101074
metabolic_crosstalk	546	0.02731795608997345
metabolic_crosstalk	547	0.023988399654626846
metabolic_crosstalk	548	0.02763882279396057
metabolic_crosstalk	549	0.026821186766028404
metabolic_crosstalk	550	0.0377214178442955
metabolic_crosstalk	551	0.0417257696390152
metabolic_crosstalk	552	0.035524334758520126
metabolic_crosstalk	553	0.032518401741981506
metabolic_crosstalk	554	0.02788819558918476
metabolic_crosstalk	555	0.037142086774110794
metabolic_crosstalk	556	0.027789436280727386
metabolic_crosstalk	557	0.02864072099328041
metabolic_crosstalk	558	0.03382144868373871
metabolic_crosstalk	559	0.02508760616183281
metabolic_crosstalk	560	0.04003232344985008
metabolic_crosstalk	561	0.03051832877099514
metabolic_crosstalk	562	0.038433849811553955
metabolic_crosstalk	563	0.03912493214011192
metabolic_crosstalk	564	0.03508239611983299
metabolic_crosstalk	565	0.03395253047347069
metabolic_crosstalk	566	0.033437564969062805
metabolic_crosstalk	567	0.025069398805499077
metabolic_crosstalk	568	0.03816261142492294
metabolic_crosstalk	569	0.0223443191498518
metabolic_crosstalk	570	0.031162239611148834
metabolic_crosstalk	571	0.046801164746284485
metabolic_crosstalk	572	0.025921599939465523
metabolic_crosstalk	573	0.03267081081867218
metabolic_crosstalk	574	0.03669203445315361
metabolic_crosstalk	575	0.025811996310949326
metabolic_crosstalk	576	0.02669767290353775
metabolic_crosstalk	577	0.02725118026137352
metabolic_crosstalk	578	0.023426374420523643
metabolic_crosstalk	579	0.037475429475307465
metabolic_crosstalk	580	0.024065883830189705
metabolic_crosstalk	581	0.03121829405426979
metabolic_crosstalk	582	0.03759743645787239
metabolic_crosstalk	583	0.02591843530535698
metabolic_crosstalk	584	0.025949915871024132
metabolic_crosstalk	585	0.026621878147125244
metabolic_crosstalk	586	0.03570154309272766
metabolic_crosstalk	587	0.026155630126595497
metabolic_crosstalk	588	0.0325150229036808
metabolic_crosstalk	589	0.0379348061978817
metabolic_crosstalk	590	0.022481024265289307
metabolic_crosstalk	591	0.03502097353339195
metabolic_crosstalk	592	0.030883725732564926
metabolic_crosstalk	593	0.026475967839360237
metabolic_crosstalk	594	0.02675279974937439
metabolic_crosstalk	595	0.02767960913479328
metabolic_crosstalk	596	0.04467973858118057
metabolic_crosstalk	597	0.03415709733963013
metabolic_crosstalk	598	0.03736087679862976
metabolic_crosstalk	599	0.032495591789484024
metabolic_crosstalk	600	0.027354612946510315
metabolic_crosstalk	601	0.02626596763730049
metabolic_crosstalk	602	0.02954414300620556
metabolic_crosstalk	603	0.02584156207740307
metabolic_crosstalk	604	0.02679288573563099
metabolic_crosstalk	605	0.025682292878627777
metabolic_crosstalk	606	0.033497441560029984
metabolic_crosstalk	607	0.02458938956260681
metabolic_crosstalk	608	0.028926951810717583
metabolic_crosstalk	609	0.02654949575662613
metabolic_crosstalk	610	0.02446781098842621
metabolic_crosstalk	611	0.029241755604743958
metabolic_crosstalk	612	0.028923623263835907
metabolic_crosstalk	613	0.04045946151018143
metabolic_crosstalk	614	0.03295065090060234
metabolic_crosstalk	615	0.026078682392835617
metabolic_crosstalk	616	0.045441318303346634
metabolic_crosstalk	617	0.02928132750093937
metabolic_crosstalk	618	0.028158683329820633
metabolic_crosstalk	619	0.03690681606531143
metabolic_crosstalk	620	0.030775725841522217
metabolic_crosstalk	621	0.020284270867705345
metabolic_crosstalk	622	0.04400051757693291
metabolic_crosstalk	623	0.033132363110780716
metabolic_crosstalk	624	0.02382141351699829
metabolic_crosstalk	625	0.039536286145448685
metabolic_crosstalk	626	0.03574396297335625
metabolic_crosstalk	627	0.026758143678307533
metabolic_crosstalk	628	0.026060353964567184
metabolic_crosstalk	629	0.024415625259280205
metabolic_crosstalk	630	0.029297437518835068
metabolic_crosstalk	631	0.03471517935395241
metabolic_crosstalk	632	0.028343889862298965
metabolic_crosstalk	633	0.024773340672254562
metabolic_crosstalk	634	0.02578377164900303
metabolic_crosstalk	635	0.025129592046141624
metabolic_crosstalk	636	0.027737775817513466
metabolic_crosstalk	637	0.03834089636802673
metabolic_crosstalk	638	0.027392296120524406
metabolic_crosstalk	639	0.02817518636584282
metabolic_crosstalk	640	0.029658889397978783
metabolic_crosstalk	641	0.031747590750455856
metabolic_crosstalk	642	0.028051277622580528
metabolic_crosstalk	643	0.036532193422317505
metabolic_crosstalk	644	0.036407191306352615
metabolic_crosstalk	645	0.03074946068227291
metabolic_crosstalk	646	0.030636873096227646
metabolic_crosstalk	647	0.028463030233979225
metabolic_crosstalk	648	0.02976028062403202
metabolic_crosstalk	649	0.04144204407930374
metabolic_crosstalk	650	0.03050868958234787
metabolic_crosstalk	651	0.02978021278977394
metabolic_crosstalk	652	0.02893632836639881
metabolic_crosstalk	653	0.035996031016111374
metabolic_crosstalk	654	0.0357588566839695
metabolic_crosstalk	655	0.026060031726956367
metabolic_crosstalk	656	0.03130979835987091
metabolic_crosstalk	657	0.028220396488904953
metabolic_crosstalk	658	0.03070794977247715
metabolic_crosstalk	659	0.029767503961920738
metabolic_crosstalk	660	0.03666491061449051
metabolic_crosstalk	661	0.02791738137602806
metabolic_crosstalk	662	0.028035126626491547
metabolic_crosstalk	663	0.033905040472745895
metabolic_crosstalk	664	0.029628807678818703
metabolic_crosstalk	665	0.031197218224406242
metabolic_crosstalk	666	0.02903752587735653
metabolic_crosstalk	667	0.033604178577661514
metabolic_crosstalk	668	0.0324171707034111
metabolic_crosstalk	669	0.030234238132834435
metabolic_crosstalk	670	0.031153907999396324
metabolic_crosstalk	671	0.03224055469036102
metabolic_crosstalk	672	0.022366276010870934
metabolic_crosstalk	673	0.02697610855102539
metabolic_crosstalk	674	0.04069662466645241
metabolic_crosstalk	675	0.03915514424443245
metabolic_crosstalk	676	0.027699673548340797
metabolic_crosstalk	677	0.040510144084692
metabolic_crosstalk	678	0.02498668059706688
metabolic_crosstalk	679	0.03459521010518074
metabolic_crosstalk	680	0.037920258939266205
metabolic_crosstalk	681	0.030780887231230736
metabolic_crosstalk	682	0.036589138209819794
metabolic_crosstalk	683	0.03401866555213928
metabolic_crosstalk	684	0.026771701872348785
metabolic_crosstalk	685	0.029054559767246246
metabolic_crosstalk	686	0.0415356308221817
metabolic_crosstalk	687	0.034028105437755585
metabolic_crosstalk	688	0.026588350534439087
metabolic_crosstalk	689	0.025790458545088768
metabolic_crosstalk	690	0.03158034384250641
metabolic_crosstalk	691	0.03522180765867233
metabolic_crosstalk	692	0.02812584489583969
metabolic_crosstalk	693	0.04391169920563698
metabolic_crosstalk	694	0.037854913622140884
metabolic_crosstalk	695	0.030586224049329758
metabolic_crosstalk	696	0.03746427595615387
metabolic_crosstalk	697	0.02446604333817959
metabolic_crosstalk	698	0.03279583528637886
metabolic_crosstalk	699	0.034787580370903015
metabolic_crosstalk	700	0.023397602140903473
metabolic_crosstalk	701	0.03143000975251198
metabolic_crosstalk	702	0.031609196215867996
metabolic_crosstalk	703	0.037142086774110794
metabolic_crosstalk	704	0.029798859730362892
metabolic_crosstalk	705	0.037798922508955
metabolic_crosstalk	706	0.03384575992822647
metabolic_crosstalk	707	0.025092141702771187
metabolic_crosstalk	708	0.03212188184261322
metabolic_crosstalk	709	0.026518266648054123
metabolic_crosstalk	710	0.03256497532129288
metabolic_crosstalk	711	0.030451400205492973
metabolic_crosstalk	712	0.0345073826611042
metabolic_crosstalk	713	0.028288815170526505
metabolic_crosstalk	714	0.03405967727303505
metabolic_crosstalk	715	0.027426790446043015
metabolic_crosstalk	716	0.03628034517168999
metabolic_crosstalk	717	0.02549421228468418
metabolic_crosstalk	718	0.02057904191315174
metabolic_crosstalk	719	0.03167496994137764
metabolic_crosstalk	720	0.03464462608098984
metabolic_crosstalk	721	0.0316910445690155
metabolic_crosstalk	722	0.02737531065940857
metabolic_crosstalk	723	0.03568953648209572
metabolic_crosstalk	724	0.03475377336144447
metabolic_crosstalk	725	0.03802155330777168
metabolic_crosstalk	726	0.03624666854739189
metabolic_crosstalk	727	0.03153621777892113
metabolic_crosstalk	728	0.037716612219810486
metabolic_crosstalk	729	0.02754075452685356
metabolic_crosstalk	730	0.028684396296739578
metabolic_crosstalk	731	0.027514241635799408
metabolic_crosstalk	732	0.03815818205475807
metabolic_crosstalk	733	0.02815297432243824
metabolic_crosstalk	734	0.03380095958709717
metabolic_crosstalk	735	0.03638668730854988
metabolic_crosstalk	736	0.034014225006103516
metabolic_crosstalk	737	0.034118060022592545
metabolic_crosstalk	738	0.027886677533388138
metabolic_crosstalk	739	0.03220997005701065
metabolic_crosstalk	740	0.025452490895986557
metabolic_crosstalk	741	0.02919253334403038
metabolic_crosstalk	742	0.027952753007411957
metabolic_crosstalk	743	0.033029958605766296
metabolic_crosstalk	744	0.028928248211741447
metabolic_crosstalk	745	0.049296583980321884
metabolic_crosstalk	746	0.03296976909041405
metabolic_crosstalk	747	0.03681524470448494
metabolic_crosstalk	748	0.037292398512363434
metabolic_crosstalk	749	0.032723601907491684
metabolic_crosstalk	750	0.028207918629050255
metabolic_crosstalk	751	0.03055979497730732
metabolic_crosstalk	752	0.03151214122772217
metabolic_crosstalk	753	0.02081395499408245
metabolic_crosstalk	754	0.027062075212597847
metabolic_crosstalk	755	0.028995748609304428
metabolic_crosstalk	756	0.029943978413939476
metabolic_crosstalk	757	0.0327971950173378
metabolic_crosstalk	758	0.031240977346897125
metabolic_crosstalk	759	0.027573179453611374
metabolic_crosstalk	760	0.02713964134454727
metabolic_crosstalk	761	0.024708401411771774
metabolic_crosstalk	762	0.03612283244729042
metabolic_crosstalk	763	0.03372565656900406
metabolic_crosstalk	764	0.03317545726895332
metabolic_crosstalk	765	0.03689967095851898
metabolic_crosstalk	766	0.030468793585896492
metabolic_crosstalk	767	0.03617890551686287
metabolic_crosstalk	768	0.0310552716255188
metabolic_crosstalk	769	0.03340355306863785
metabolic_crosstalk	770	0.02974001318216324
metabolic_crosstalk	771	0.02583886869251728
metabolic_crosstalk	772	0.033727217465639114
metabolic_crosstalk	773	0.042360834777355194
metabolic_crosstalk	774	0.03880895674228668
metabolic_crosstalk	775	0.03095375746488571
metabolic_crosstalk	776	0.026795143261551857
metabolic_crosstalk	777	0.026615943759679794
metabolic_crosstalk	778	0.026914551854133606
metabolic_crosstalk	779	0.03183934837579727
metabolic_crosstalk	780	0.028607485815882683
metabolic_crosstalk	781	0.03236356005072594
metabolic_crosstalk	782	0.025690974667668343
metabolic_crosstalk	783	0.027483036741614342
metabolic_crosstalk	784	0.03526129573583603
metabolic_crosstalk	785	0.029997164383530617
metabolic_crosstalk	786	0.03200037032365799
metabolic_crosstalk	787	0.022970519959926605
metabolic_crosstalk	788	0.029442764818668365
metabolic_crosstalk	789	0.03349046781659126
metabolic_crosstalk	790	0.030431900173425674
metabolic_crosstalk	791	0.037711821496486664
metabolic_crosstalk	792	0.033576346933841705
metabolic_crosstalk	793	0.028347987681627274
metabolic_crosstalk	794	0.03906296566128731
metabolic_crosstalk	795	0.036640942096710205
metabolic_crosstalk	796	0.03501742705702782
metabolic_crosstalk	797	0.026738768443465233
metabolic_crosstalk	798	0.0386594757437706
metabolic_crosstalk	799	0.030341219156980515
metabolic_crosstalk	800	0.02939378097653389
metabolic_crosstalk	801	0.03217700496315956
metabolic_crosstalk	802	0.033545807003974915
metabolic_crosstalk	803	0.0224979929625988
metabolic_crosstalk	804	0.02537352964282036
metabolic_crosstalk	805	0.028674911707639694
metabolic_crosstalk	806	0.03610869124531746
metabolic_crosstalk	807	0.02904990129172802
metabolic_crosstalk	808	0.039449356496334076
metabolic_crosstalk	809	0.03291691467165947
metabolic_crosstalk	810	0.028544506058096886
metabolic_crosstalk	811	0.030062789097428322
metabolic_crosstalk	812	0.02907099388539791
metabolic_crosstalk	813	0.031086508184671402
metabolic_crosstalk	814	0.034281034022569656
metabolic_crosstalk	815	0.04072759300470352
metabolic_crosstalk	816	0.0336042121052742
metabolic_crosstalk	817	0.02762497588992119
metabolic_crosstalk	818	0.024512309581041336
metabolic_crosstalk	819	0.02769634500145912
metabolic_crosstalk	820	0.02511681616306305
metabolic_crosstalk	821	0.034957244992256165
metabolic_crosstalk	822	0.030711060389876366
metabolic_crosstalk	823	0.023135963827371597
metabolic_crosstalk	824	0.028833866119384766
metabolic_crosstalk	825	0.027193712070584297
metabolic_crosstalk	826	0.030114980414509773
metabolic_crosstalk	827	0.029710913076996803
metabolic_crosstalk	828	0.033930014818906784
metabolic_crosstalk	829	0.041816677898168564
metabolic_crosstalk	830	0.023046033456921577
metabolic_crosstalk	831	0.04269283264875412
metabolic_crosstalk	832	0.027792764827609062
metabolic_crosstalk	833	0.021015411242842674
metabolic_crosstalk	834	0.025009524077177048
metabolic_crosstalk	835	0.02495320700109005
metabolic_crosstalk	836	0.029948491603136063
metabolic_crosstalk	837	0.02974015474319458
metabolic_crosstalk	838	0.027166664600372314
metabolic_crosstalk	839	0.02866964600980282
metabolic_crosstalk	840	0.03542327508330345
metabolic_crosstalk	841	0.028107579797506332
metabolic_crosstalk	842	0.025351515039801598
metabolic_crosstalk	843	0.031704097986221313
metabolic_crosstalk	844	0.028056815266609192
metabolic_crosstalk	845	0.028170287609100342
metabolic_crosstalk	846	0.03431608900427818
metabolic_crosstalk	847	0.030015774071216583
metabolic_crosstalk	848	0.021594420075416565
metabolic_crosstalk	849	0.028229210525751114
metabolic_crosstalk	850	0.028952019289135933
metabolic_crosstalk	851	0.02441336400806904
metabolic_crosstalk	852	0.025666745379567146
metabolic_crosstalk	853	0.035454001277685165
metabolic_crosstalk	854	0.029352067038416862
metabolic_crosstalk	855	0.027101503685116768
metabolic_crosstalk	856	0.02906418778002262
metabolic_crosstalk	857	0.03395272418856621
metabolic_crosstalk	858	0.03332282230257988
metabolic_crosstalk	859	0.036961521953344345
metabolic_crosstalk	860	0.033646706491708755
metabolic_crosstalk	861	0.031079689040780067
metabolic_crosstalk	862	0.03269842639565468
metabolic_crosstalk	863	0.02686557173728943
metabolic_crosstalk	864	0.033093128353357315
metabolic_crosstalk	865	0.02728353440761566
metabolic_crosstalk	866	0.030891088768839836
metabolic_crosstalk	867	0.02383163385093212
metabolic_crosstalk	868	0.03763894736766815
metabolic_crosstalk	869	0.03435258939862251
metabolic_crosstalk	870	0.03510512784123421
metabolic_crosstalk	871	0.03934750333428383
metabolic_crosstalk	872	0.03096388466656208
metabolic_crosstalk	873	0.03516857326030731
metabolic_crosstalk	874	0.03587747737765312
metabolic_crosstalk	875	0.03507091477513313
metabolic_crosstalk	876	0.029647313058376312
metabolic_crosstalk	877	0.02526477351784706
metabolic_crosstalk	878	0.02477084845304489
metabolic_crosstalk	879	0.02581443451344967
metabolic_crosstalk	880	0.03083743341267109
metabolic_crosstalk	881	0.035029273480176926
metabolic_crosstalk	882	0.030725110322237015
metabolic_crosstalk	883	0.02915520966053009
metabolic_crosstalk	884	0.032147590070962906
metabolic_crosstalk	885	0.03040512464940548
metabolic_crosstalk	886	0.02779107354581356
metabolic_crosstalk	887	0.02286316640675068
metabolic_crosstalk	888	0.03518693521618843
metabolic_crosstalk	889	0.028610188513994217
metabolic_crosstalk	890	0.036357779055833817
metabolic_crosstalk	891	0.027366813272237778
metabolic_crosstalk	892	0.032562535256147385
metabolic_crosstalk	893	0.02849237062036991
metabolic_crosstalk	894	0.028459472581744194
metabolic_crosstalk	895	0.028378145769238472
metabolic_crosstalk	896	0.032963916659355164
metabolic_crosstalk	897	0.03268615901470184
metabolic_crosstalk	898	0.04481617733836174
metabolic_crosstalk	899	0.03524778410792351
metabolic_crosstalk	900	0.03542940318584442
metabolic_crosstalk	901	0.05332174897193909
metabolic_crosstalk	902	0.02949129045009613
metabolic_crosstalk	903	0.03699299320578575
metabolic_crosstalk	904	0.029793154448270798
metabolic_crosstalk	905	0.028824269771575928
metabolic_crosstalk	906	0.028761355206370354
metabolic_crosstalk	907	0.027983859181404114
metabolic_crosstalk	908	0.027704941108822823
metabolic_crosstalk	909	0.0195623692125082
metabolic_crosstalk	910	0.03758397325873375
metabolic_crosstalk	911	0.026651635766029358
metabolic_crosstalk	912	0.037014298141002655
metabolic_crosstalk	913	0.03148847445845604
metabolic_crosstalk	914	0.022775979712605476
metabolic_crosstalk	915	0.027781296521425247
metabolic_crosstalk	916	0.02968655899167061
metabolic_crosstalk	917	0.04025649651885033
metabolic_crosstalk	918	0.04231502488255501
metabolic_crosstalk	919	0.027699844911694527
metabolic_crosstalk	920	0.03761741891503334
metabolic_crosstalk	921	0.02965160459280014
metabolic_crosstalk	922	0.027329472824931145
metabolic_crosstalk	923	0.024384120479226112
metabolic_crosstalk	924	0.028644151985645294
metabolic_crosstalk	925	0.031256116926670074
metabolic_crosstalk	926	0.023736584931612015
metabolic_crosstalk	927	0.028273217380046844
metabolic_crosstalk	928	0.03307316452264786
metabolic_crosstalk	929	0.031630679965019226
metabolic_crosstalk	930	0.033478736877441406
metabolic_crosstalk	931	0.02521815523505211
metabolic_crosstalk	932	0.028196411207318306
metabolic_crosstalk	933	0.03428826108574867
metabolic_crosstalk	934	0.028898417949676514
metabolic_crosstalk	935	0.03345850482583046
metabolic_crosstalk	936	0.025786427780985832
metabolic_crosstalk	937	0.023537153378129005
metabolic_crosstalk	938	0.02710176818072796
metabolic_crosstalk	939	0.03609481826424599
metabolic_crosstalk	940	0.03526344150304794
metabolic_crosstalk	941	0.03218859061598778
metabolic_crosstalk	942	0.03427307680249214
metabolic_crosstalk	943	0.022805940359830856
metabolic_crosstalk	944	0.023372890427708626
metabolic_crosstalk	945	0.03060588799417019
metabolic_crosstalk	946	0.03112378530204296
metabolic_crosstalk	947	0.03137422725558281
metabolic_crosstalk	948	0.03033527359366417
metabolic_crosstalk	949	0.02867455780506134
metabolic_crosstalk	950	0.02657070942223072
metabolic_crosstalk	951	0.026015659794211388
metabolic_crosstalk	952	0.03360842540860176
metabolic_crosstalk	953	0.03839997947216034
metabolic_crosstalk	954	0.045952871441841125
metabolic_crosstalk	955	0.02537793479859829
metabolic_crosstalk	956	0.02617698349058628
metabolic_crosstalk	957	0.03431684523820877
metabolic_crosstalk	958	0.026949027553200722
metabolic_crosstalk	959	0.029289893805980682
metabolic_crosstalk	960	0.029226351529359818
metabolic_crosstalk	961	0.03131978213787079
metabolic_crosstalk	962	0.02576722577214241
metabolic_crosstalk	963	0.02918277122080326
metabolic_crosstalk	964	0.03475814685225487
metabolic_crosstalk	965	0.026661278679966927
metabolic_crosstalk	966	0.03493928164243698
metabolic_crosstalk	967	0.03564203158020973
metabolic_crosstalk	968	0.03257898613810539
metabolic_crosstalk	969	0.027470506727695465
metabolic_crosstalk	970	0.03490167111158371
metabolic_crosstalk	971	0.039573557674884796
metabolic_crosstalk	972	0.024103723466396332
metabolic_crosstalk	973	0.024905692785978317
metabolic_crosstalk	974	0.03714714199304581
metabolic_crosstalk	975	0.03889951854944229
metabolic_crosstalk	976	0.032321397215127945
metabolic_crosstalk	977	0.0215525571256876
metabolic_crosstalk	978	0.030779492110013962
metabolic_crosstalk	979	0.03828207775950432
metabolic_crosstalk	980	0.024119481444358826
metabolic_crosstalk	981	0.02544732391834259
metabolic_crosstalk	982	0.03726140037178993
metabolic_crosstalk	983	0.026797326281666756
metabolic_crosstalk	984	0.027734238654375076
metabolic_crosstalk	985	0.03038100153207779
metabolic_crosstalk	986	0.024741291999816895
metabolic_crosstalk	987	0.030532684177160263
metabolic_crosstalk	988	0.035360224545001984
metabolic_crosstalk	989	0.02131340093910694
metabolic_crosstalk	990	0.02705167792737484
metabolic_crosstalk	991	0.030133355408906937
metabolic_crosstalk	992	0.041734520345926285
metabolic_crosstalk	993	0.029912898316979408
metabolic_crosstalk	994	0.025614246726036072
metabolic_crosstalk	995	0.042370036244392395
metabolic_crosstalk	996	0.0295549426227808
metabolic_crosstalk	997	0.040449146181344986
metabolic_crosstalk	998	0.034175973385572433
metabolic_crosstalk	999	0.030163558200001717
metabolic_crosstalk	1000	0.02690177969634533
sm_topology_axis	1	0.07797874510288239
sm_topology_axis	2	0.07101090997457504
sm_topology_axis	3	0.08066165447235107
sm_topology_axis	4	0.0857422724366188
sm_topology_axis	5	0.09169995039701462
sm_topology_axis	6	0.10126832872629166
sm_topology_axis	7	0.07039910554885864
sm_topology_axis	8	0.08070573210716248
sm_topology_axis	9	0.08449038118124008
sm_topology_axis	10	0.09937527775764465
sm_topology_axis	11	0.07161414623260498
sm_topology_axis	12	0.07358651608228683
sm_topology_axis	13	0.08103557676076889
sm_topology_axis	14	0.0728750079870224
sm_topology_axis	15	0.08136112242937088
sm_topology_axis	16	0.07837561517953873
sm_topology_axis	17	0.0796431303024292
sm_topology_axis	18	0.08004502952098846
sm_topology_axis	19	0.07882833480834961
sm_topology_axis	20	0.07311301678419113
sm_topology_axis	21	0.08662699162960052
sm_topology_axis	22	0.07268000394105911
sm_topology_axis	23	0.09338410943746567
sm_topology_axis	24	0.0751696303486824
sm_topology_axis	25	0.08917385339736938
sm_topology_axis	26	0.08148375898599625
sm_topology_axis	27	0.08034919947385788
sm_topology_axis	28	0.08603816479444504
sm_topology_axis	29	0.08823918551206589
sm_topology_axis	30	0.06738246977329254
sm_topology_axis	31	0.0830162987112999
sm_topology_axis	32	0.07390057295560837
sm_topology_axis	33	0.07479115575551987
sm_topology_axis	34	0.07054949551820755
sm_topology_axis	35	0.08141880482435226
sm_topology_axis	36	0.07478436082601547
sm_topology_axis	37	0.07743395864963531
sm_topology_axis	38	0.06857695430517197
sm_topology_axis	39	0.06890751421451569
sm_topology_axis	40	0.08190762251615524
sm_topology_axis	41	0.06756249815225601
sm_topology_axis	42	0.08361820131540298
sm_topology_axis	43	0.08215109258890152
sm_topology_axis	44	0.07889295369386673
sm_topology_axis	45	0.0708610862493515
sm_topology_axis	46	0.08864415436983109
sm_topology_axis	47	0.08409164100885391
sm_topology_axis	48	0.07680810987949371
sm_topology_axis	49	0.07909119129180908
sm_topology_axis	50	0.0861668735742569
sm_topology_axis	51	0.07633334398269653
sm_topology_axis	52	0.06403723359107971
sm_topology_axis	53	0.07658449560403824
sm_topology_axis	54	0.08520400524139404
sm_topology_axis	55	0.06541021913290024
sm_topology_axis	56	0.08220544457435608
sm_topology_axis	57	0.09003198891878128
sm_topology_axis	58	0.0682954490184784
sm_topology_axis	59	0.09515644609928131
sm_topology_axis	60	0.0662415623664856
sm_topology_axis	61	0.07847565412521362
sm_topology_axis	62	0.08015789836645126
sm_topology_axis	63	0.08485153317451477
sm_topology_axis	64	0.07983969151973724
sm_topology_axis	65	0.08400598168373108
sm_topology_axis	66	0.07653781026601791
sm_topology_axis	67	0.07998565584421158
sm_topology_axis	68	0.0865277349948883
sm_topology_axis	69	0.07469451427459717
sm_topology_axis	70	0.09558204561471939
sm_topology_axis	71	0.07820864766836166
sm_topology_axis	72	0.07965017110109329
sm_topology_axis	73	0.07842177152633667
sm_topology_axis	74	0.0759730413556099
sm_topology_axis	75	0.07252179831266403
sm_topology_axis	76	0.0779469758272171
sm_topology_axis	77	0.08556258678436279
sm_topology_axis	78	0.08333545178174973
sm_topology_axis	79	0.07266216725111008
sm_topology_axis	80	0.08153246343135834
sm_topology_axis	81	0.06996705383062363
sm_topology_axis	82	0.07986198365688324
sm_topology_axis	83	0.0799630731344223
sm_topology_axis	84	0.09295587241649628
sm_topology_axis	85	0.08687206357717514
sm_topology_axis	86	0.09161069244146347
sm_topology_axis	87	0.08042494207620621
sm_topology_axis	88	0.07660982757806778
sm_topology_axis	89	0.08873734623193741
sm_topology_axis	90	0.07608698308467865
sm_topology_axis	91	0.07490432262420654
sm_topology_axis	92	0.0911242738366127
sm_topology_axis	93	0.0882464349269867
sm_topology_axis	94	0.08087512850761414
sm_topology_axis	95	0.07582272589206696
sm_topology_axis	96	0.08170517534017563
sm_topology_axis	97	0.07453398406505585
sm_topology_axis	98	0.08546469360589981
sm_topology_axis	99	0.08088962733745575
sm_topology_axis	100	0.08467724174261093
sm_topology_axis	101	0.08053945749998093
sm_topology_axis	102	0.07797032594680786
sm_topology_axis	103	0.07340525835752487
sm_topology_axis	104	0.07977273315191269
sm_topology_axis	105	0.07562437653541565
sm_topology_axis	106	0.08686725795269012
sm_topology_axis	107	0.07298225909471512
sm_topology_axis	108	0.06988892704248428
sm_topology_axis	109	0.07654884457588196
sm_topology_axis	110	0.0849689394235611
sm_topology_axis	111	0.07696395367383957
sm_topology_axis	112	0.096192367374897
sm_topology_axis	113	0.07724160701036453
sm_topology_axis	114	0.0821898803114891
sm_topology_axis	115	0.08822028338909149
sm_topology_axis	116	0.08047183603048325
sm_topology_axis	117	0.07463407516479492
sm_topology_axis	118	0.07889638096094131
sm_topology_axis	119	0.07158608734607697
sm_topology_axis	120	0.07663875818252563
sm_topology_axis	121	0.0763486698269844
sm_topology_axis	122	0.07780802994966507
sm_topology_axis	123	0.07397716492414474
sm_topology_axis	124	0.09440536797046661
sm_topology_axis	125	0.0926373079419136
sm_topology_axis	126	0.0800148993730545
sm_topology_axis	127	0.06987333297729492
sm_topology_axis	128	0.07458541542291641
sm_topology_axis	129	0.08827923983335495
sm_topology_axis	130	0.09015071392059326
sm_topology_axis	131	0.06739762425422668
sm_topology_axis	132	0.08564689755439758
sm_topology_axis	133	0.07266300916671753
sm_topology_axis	134	0.07791788876056671
sm_topology_axis	135	0.06744678318500519
sm_topology_axis	136	0.08281747996807098
sm_topology_axis	137	0.08199141174554825
sm_topology_axis	138	0.07589530944824219
sm_topology_axis	139	0.07466689497232437
sm_topology_axis	140	0.07288957387208939
sm_topology_axis	141	0.07544022798538208
sm_topology_axis	142	0.0931742936372757
sm_topology_axis	143	0.09283768385648727
sm_topology_axis	144	0.07761374861001968
sm_topology_axis	145	0.07692813128232956
sm_topology_axis	146	0.08825165778398514
sm_topology_axis	147	0.07600364834070206
sm_topology_axis	148	0.08625359833240509
sm_topology_axis	149	0.07648982107639313
sm_topology_axis	150	0.08442431688308716
sm_topology_axis	151	0.08051927387714386
sm_topology_axis	152	0.07005435228347778
sm_topology_axis	153	0.09775587171316147
sm_topology_axis	154	0.06850661337375641
sm_topology_axis	155	0.06960637867450714
sm_topology_axis	156	0.07684110105037689
sm_topology_axis	157	0.06769271939992905
sm_topology_axis	158	0.07495446503162384
sm_topology_axis	159	0.0735505223274231
sm_topology_axis	160	0.09128925204277039
sm_topology_axis	161	0.07721193879842758
sm_topology_axis	162	0.06422974169254303
sm_topology_axis	163	0.08464066684246063
sm_topology_axis	164	0.08140599727630615
sm_topology_axis	165	0.07389567047357559
sm_topology_axis	166	0.08591215312480927
sm_topology_axis	167	0.08894793689250946
sm_topology_axis	168	0.08544060587882996
sm_topology_axis	169	0.07811976224184036
sm_topology_axis	170	0.08605382591485977
sm_topology_axis	171	0.07370403409004211
sm_topology_axis	172	0.07823007553815842
sm_topology_axis	173	0.07761984318494797
sm_topology_axis	174	0.07772309333086014
sm_topology_axis	175	0.08312757313251495
sm_topology_axis	176	0.08604300767183304
sm_topology_axis	177	0.07955121994018555
sm_topology_axis	178	0.07841471582651138
sm_topology_axis	179	0.07917071133852005
sm_topology_axis	180	0.08527250587940216
sm_topology_axis	181	0.07900767028331757
sm_topology_axis	182	0.07515429705381393
sm_topology_axis	183	0.07819418609142303
sm_topology_axis	184	0.07713793963193893
sm_topology_axis	185	0.07843054831027985
sm_topology_axis	186	0.08789445459842682
sm_topology_axis	187	0.08432639390230179
sm_topology_axis	188	0.08520735800266266
sm_topology_axis	189	0.07258874922990799
sm_topology_axis	190	0.07847514003515244
sm_topology_axis	191	0.07957718521356583
sm_topology_axis	192	0.07635892182588577
sm_topology_axis	193	0.07765717804431915
sm_topology_axis	194	0.08419641852378845
sm_topology_axis	195	0.07946532219648361
sm_topology_axis	196	0.08159883320331573
sm_topology_axis	197	0.0834861770272255
sm_topology_axis	198	0.08050572127103806
sm_topology_axis	199	0.07348894327878952
sm_topology_axis	200	0.09777498245239258
sm_topology_axis	201	0.08564984053373337
sm_topology_axis	202	0.06804951280355453
sm_topology_axis	203	0.07980947196483612
sm_topology_axis	204	0.07118479162454605
sm_topology_axis	205	0.07806262373924255
sm_topology_axis	206	0.07215052843093872
sm_topology_axis	207	0.07042767852544785
sm_topology_axis	208	0.07657761871814728
sm_topology_axis	209	0.0812583938241005
sm_topology_axis	210	0.08232071250677109
sm_topology_axis	211	0.08615917712450027
sm_topology_axis	212	0.07585181295871735
sm_topology_axis	213	0.07590045034885406
sm_topology_axis	214	0.07388298958539963
sm_topology_axis	215	0.06473534554243088
sm_topology_axis	216	0.07092708349227905
sm_topology_axis	217	0.0750957578420639
sm_topology_axis	218	0.06718088686466217
sm_topology_axis	219	0.08171211928129196
sm_topology_axis	220	0.07081610709428787
sm_topology_axis	221	0.0788024440407753
sm_topology_axis	222	0.08100882917642593
sm_topology_axis	223	0.07935486733913422
sm_topology_axis	224	0.07891831547021866
sm_topology_axis	225	0.07329565286636353
sm_topology_axis	226	0.07776236534118652
sm_topology_axis	227	0.0733720064163208
sm_topology_axis	228	0.0858178660273552
sm_topology_axis	229	0.08718273043632507
sm_topology_axis	230	0.08017365634441376
sm_topology_axis	231	0.07434666156768799
sm_topology_axis	232	0.08276434242725372
sm_topology_axis	233	0.06995614618062973
sm_topology_axis	234	0.08313456177711487
sm_topology_axis	235	0.07874292135238647
sm_topology_axis	236	0.07004376500844955
sm_topology_axis	237	0.07945705205202103
sm_topology_axis	238	0.08191641420125961
sm_topology_axis	239	0.08411014080047607
sm_topology_axis	240	0.08231177181005478
sm_topology_axis	241	0.08714655041694641
sm_topology_axis	242	0.0803477093577385
sm_topology_axis	243	0.08082721382379532
sm_topology_axis	244	0.06561702489852905
sm_topology_axis	245	0.0753319263458252
sm_topology_axis	246	0.08854740113019943
sm_topology_axis	247	0.07942775636911392
sm_topology_axis	248	0.08708784729242325
sm_topology_axis	249	0.06813076883554459
sm_topology_axis	250	0.08365315198898315
sm_topology_axis	251	0.08270338177680969
sm_topology_axis	252	0.0787195935845375
sm_topology_axis	253	0.07551360130310059
sm_topology_axis	254	0.09422799199819565
sm_topology_axis	255	0.07424849271774292
sm_topology_axis	256	0.0856441929936409
sm_topology_axis	257	0.0785372257232666
sm_topology_axis	258	0.07586083561182022
sm_topology_axis	259	0.08425416052341461
sm_topology_axis	260	0.06812509149312973
sm_topology_axis	261	0.08864839375019073
sm_topology_axis	262	0.07413184642791748
sm_topology_axis	263	0.06938400119543076
sm_topology_axis	264	0.07526636868715286
sm_topology_axis	265	0.09445387125015259
sm_topology_axis	266	0.08339833468198776
sm_topology_axis	267	0.08190911263227463
sm_topology_axis	268	0.06803973764181137
sm_topology_axis	269	0.07144790142774582
sm_topology_axis	270	0.07592298090457916
sm_topology_axis	271	0.0705447718501091
sm_topology_axis	272	0.07250011712312698
sm_topology_axis	273	0.08314480632543564
sm_topology_axis	274	0.0955018401145935
sm_topology_axis	275	0.09009380638599396
sm_topology_axis	276	0.09099402278661728
sm_topology_axis	277	0.07580193877220154
sm_topology_axis	278	0.0921606719493866
sm_topology_axis	279	0.08588710427284241
sm_topology_axis	280	0.09808763116598129
sm_topology_axis	281	0.07077063620090485
sm_topology_axis	282	0.07636135071516037
sm_topology_axis	283	0.08537747710943222
sm_topology_axis	284	0.07031756639480591
sm_topology_axis	285	0.08383046090602875
sm_topology_axis	286	0.07449821382761002
sm_topology_axis	287	0.06725168228149414
sm_topology_axis	288	0.0705256387591362
sm_topology_axis	289	0.07665470242500305
sm_topology_axis	290	0.07907985895872116
sm_topology_axis	291	0.0734253078699112
sm_topology_axis	292	0.07640252262353897
sm_topology_axis	293	0.09010124206542969
sm_topology_axis	294	0.082166887819767
sm_topology_axis	295	0.07236972451210022
sm_topology_axis	296	0.07274174690246582
sm_topology_axis	297	0.0814368799328804
sm_topology_axis	298	0.0806846022605896
sm_topology_axis	299	0.07988819479942322
sm_topology_axis	300	0.08189406245946884
sm_topology_axis	301	0.07610116899013519
sm_topology_axis	302	0.08971168845891953
sm_topology_axis	303	0.08427645266056061
sm_topology_axis	304	0.06868533790111542
sm_topology_axis	305	0.07575399428606033
sm_topology_axis	306	0.08751759678125381
sm_topology_axis	307	0.08429241180419922
sm_topology_axis	308	0.0750131756067276
sm_topology_axis	309	0.10254361480474472
sm_topology_axis	310	0.08558695018291473
sm_topology_axis	311	0.07586533576250076
sm_topology_axis	312	0.08551859110593796
sm_topology_axis	313	0.06829554587602615
sm_topology_axis	314	0.07576045393943787
sm_topology_axis	315	0.0786311998963356
sm_topology_axis	316	0.07841265946626663
sm_topology_axis	317	0.06955702602863312
sm_topology_axis	318	0.09330707788467407
sm_topology_axis	319	0.06861831247806549
sm_topology_axis	320	0.08577124774456024
sm_topology_axis	321	0.07389523833990097
sm_topology_axis	322	0.07388312369585037
sm_topology_axis	323	0.08307560533285141
sm_topology_axis	324	0.07936030626296997
sm_topology_axis	325	0.0782831460237503
sm_topology_axis	326	0.07622332870960236
sm_topology_axis	327	0.08075553178787231
sm_topology_axis	328	0.07973802089691162
sm_topology_axis	329	0.08155076205730438
sm_topology_axis	330	0.08162226527929306
sm_topology_axis	331	0.08957822620868683
sm_topology_axis	332	0.06889059394598007
sm_topology_axis	333	0.08186092972755432
sm_topology_axis	334	0.08149107545614243
sm_topology_axis	335	0.08016544580459595
sm_topology_axis	336	0.09298919141292572
sm_topology_axis	337	0.0839185044169426
sm_topology_axis	338	0.06979484111070633
sm_topology_axis	339	0.0869784876704216
sm_topology_axis	340	0.07573281228542328
sm_topology_axis	341	0.07662872970104218
sm_topology_axis	342	0.08266129344701767
sm_topology_axis	343	0.08056975901126862
sm_topology_axis	344	0.07285621762275696
sm_topology_axis	345	0.08805882930755615
sm_topology_axis	346	0.07882778346538544
sm_topology_axis	347	0.07588455826044083
sm_topology_axis	348	0.08190372586250305
sm_topology_axis	349	0.07137516140937805
sm_topology_axis	350	0.0736590325832367
sm_topology_axis	351	0.06727513670921326
sm_topology_axis	352	0.06842415779829025
sm_topology_axis	353	0.08746752887964249
sm_topology_axis	354	0.08565587550401688
sm_topology_axis	355	0.07435576617717743
sm_topology_axis	356	0.08002298325300217
sm_topology_axis	357	0.07843449711799622
sm_topology_axis	358	0.06964994966983795
sm_topology_axis	359	0.07346220314502716
sm_topology_axis	360	0.08013450354337692
sm_topology_axis	361	0.07452444732189178
sm_topology_axis	362	0.08303923904895782
sm_topology_axis	363	0.0833735391497612
sm_topology_axis	364	0.08213455975055695
sm_topology_axis	365	0.06920419633388519
sm_topology_axis	366	0.07974523305892944
sm_topology_axis	367	0.08115263283252716
sm_topology_axis	368	0.07043533027172089
sm_topology_axis	369	0.08082933723926544
sm_topology_axis	370	0.08292434364557266
sm_topology_axis	371	0.08281251043081284
sm_topology_axis	372	0.08360372483730316
sm_topology_axis	373	0.08069463819265366
sm_topology_axis	374	0.08007733523845673
sm_topology_axis	375	0.07242150604724884
sm_topology_axis	376	0.06660012900829315
sm_topology_axis	377	0.08440851420164108
sm_topology_axis	378	0.07289192825555801
sm_topology_axis	379	0.07538748532533646
sm_topology_axis	380	0.0836806446313858
sm_topology_axis	381	0.07049832493066788
sm_topology_axis	382	0.08034133911132812
sm_topology_axis	383	0.08219163119792938
sm_topology_axis	384	0.0776568353176117
sm_topology_axis	385	0.07046850025653839
sm_topology_axis	386	0.07587749511003494
sm_topology_axis	387	0.07274042814970016
sm_topology_axis	388	0.08760885894298553
sm_topology_axis	389	0.07542397826910019
sm_topology_axis	390	0.09472377598285675
sm_topology_axis	391	0.06689555197954178
sm_topology_axis	392	0.08847799897193909
sm_topology_axis	393	0.06834691017866135
sm_topology_axis	394	0.07975324988365173
sm_topology_axis	395	0.08766515552997589
sm_topology_axis	396	0.07358454167842865
sm_topology_axis	397	0.07864350825548172
sm_topology_axis	398	0.07936996966600418
sm_topology_axis	399	0.0936073586344719
sm_topology_axis	400	0.08313247561454773
sm_topology_axis	401	0.07214696705341339
sm_topology_axis	402	0.07700664550065994
sm_topology_axis	403	0.08511830121278763
sm_topology_axis	404	0.0729362815618515
sm_topology_axis	405	0.0818289965391159
sm_topology_axis	406	0.08194414526224136
sm_topology_axis	407	0.06798385828733444
sm_topology_axis	408	0.07873338460922241
sm_topology_axis	409	0.08444498479366302
sm_topology_axis	410	0.07637850940227509
sm_topology_axis	411	0.07766661047935486
sm_topology_axis	412	0.08453637361526489
sm_topology_axis	413	0.08348667621612549
sm_topology_axis	414	0.07623177766799927
sm_topology_axis	415	0.08040133118629456
sm_topology_axis	416	0.08085550367832184
sm_topology_axis	417	0.08589041233062744
sm_topology_axis	418	0.08731116354465485
sm_topology_axis	419	0.08114129304885864
sm_topology_axis	420	0.0776372104883194
sm_topology_axis	421	0.08076754212379456
sm_topology_axis	422	0.07505228370428085
sm_topology_axis	423	0.0816274955868721
sm_topology_axis	424	0.08517143130302429
sm_topology_axis	425	0.075585275888443
sm_topology_axis	426	0.08358947932720184
sm_topology_axis	427	0.08593333512544632
sm_topology_axis	428	0.07974813878536224
sm_topology_axis	429	0.09329228848218918
sm_topology_axis	430	0.08441629260778427
sm_topology_axis	431	0.08027336001396179
sm_topology_axis	432	0.08850718289613724
sm_topology_axis	433	0.09425965696573257
sm_topology_axis	434	0.07139671593904495
sm_topology_axis	435	0.07042436301708221
sm_topology_axis	436	0.07075726985931396
sm_topology_axis	437	0.08118577301502228
sm_topology_axis	438	0.07209886610507965
sm_topology_axis	439	0.07095489650964737
sm_topology_axis	440	0.08637527376413345
sm_topology_axis	441	0.07625413686037064
sm_topology_axis	442	0.08652470260858536
sm_topology_axis	443	0.07968764007091522
sm_topology_axis	444	0.07668560743331909
sm_topology_axis	445	0.07170085608959198
sm_topology_axis	446	0.07859719544649124
sm_topology_axis	447	0.0893731564283371
sm_topology_axis	448	0.08468553423881531
sm_topology_axis	449	0.08863332122564316
sm_topology_axis	450	0.06932669132947922
sm_topology_axis	451	0.0798107162117958
sm_topology_axis	452	0.06940504163503647
sm_topology_axis	453	0.08182969689369202
sm_topology_axis	454	0.06616319715976715
sm_topology_axis	455	0.08379530161619186
sm_topology_axis	456	0.07569233328104019
sm_topology_axis	457	0.08261357247829437
sm_topology_axis	458	0.07569840550422668
sm_topology_axis	459	0.0792871043086052
sm_topology_axis	460	0.06698039919137955
sm_topology_axis	461	0.08174601942300797
sm_topology_axis	462	0.08301667869091034
sm_topology_axis	463	0.07147872447967529
sm_topology_axis	464	0.08650167286396027
sm_topology_axis	465	0.08061174303293228
sm_topology_axis	466	0.07292532175779343
sm_topology_axis	467	0.08181995153427124
sm_topology_axis	468	0.07605001330375671
sm_topology_axis	469	0.07315874844789505
sm_topology_axis	470	0.08720152080059052
sm_topology_axis	471	0.06579049676656723
sm_topology_axis	472	0.0685340091586113
sm_topology_axis	473	0.08578361570835114
sm_topology_axis	474	0.08461959660053253
sm_topology_axis	475	0.07551933079957962
sm_topology_axis	476	0.06604062020778656
sm_topology_axis	477	0.07889418303966522
sm_topology_axis	478	0.07679346203804016
sm_topology_axis	479	0.07450401037931442
sm_topology_axis	480	0.07516629993915558
sm_topology_axis	481	0.06931713223457336
sm_topology_axis	482	0.08744646608829498
sm_topology_axis	483	0.07207144796848297
sm_topology_axis	484	0.07657027244567871
sm_topology_axis	485	0.07969087362289429
sm_topology_axis	486	0.07734667509794235
sm_topology_axis	487	0.07562346011400223
sm_topology_axis	488	0.07273886352777481
sm_topology_axis	489	0.07252955436706543
sm_topology_axis	490	0.0745735839009285
sm_topology_axis	491	0.09109244495630264
sm_topology_axis	492	0.07957766950130463
sm_topology_axis	493	0.07872097939252853
sm_topology_axis	494	0.08118421584367752
sm_topology_axis	495	0.08759544044733047
sm_topology_axis	496	0.07968731969594955
sm_topology_axis	497	0.07425013184547424
sm_topology_axis	498	0.0708116888999939
sm_topology_axis	499	0.07662078738212585
sm_topology_axis	500	0.07471922785043716
sm_topology_axis	501	0.06609103083610535
sm_topology_axis	502	0.086912140250206
sm_topology_axis	503	0.0792693942785263
sm_topology_axis	504	0.07030341774225235
sm_topology_axis	505	0.08876274526119232
sm_topology_axis	506	0.07837966084480286
sm_topology_axis	507	0.08098042756319046
sm_topology_axis	508	0.0715663731098175
sm_topology_axis	509	0.08985380828380585
sm_topology_axis	510	0.07105007767677307
sm_topology_axis	511	0.08326642215251923
sm_topology_axis	512	0.07701469957828522
sm_topology_axis	513	0.07145694643259048
sm_topology_axis	514	0.08354482054710388
sm_topology_axis	515	0.08415986597537994
sm_topology_axis	516	0.09311681240797043
sm_topology_axis	517	0.08277205377817154
sm_topology_axis	518	0.0764511376619339
sm_topology_axis	519	0.09620217978954315
sm_topology_axis	520	0.07080014795064926
sm_topology_axis	521	0.07585068792104721
sm_topology_axis	522	0.07245030254125595
sm_topology_axis	523	0.07635833323001862
sm_topology_axis	524	0.08529197424650192
sm_topology_axis	525	0.08414876461029053
sm_topology_axis	526	0.08024201542139053
sm_topology_axis	527	0.08359059691429138
sm_topology_axis	528	0.06568504124879837
sm_topology_axis	529	0.08047275245189667
sm_topology_axis	530	0.0919896811246872
sm_topology_axis	531	0.07759101688861847
sm_topology_axis	532	0.08510922640562057
sm_topology_axis	533	0.08685886859893799
sm_topology_axis	534	0.06891866773366928
sm_topology_axis	535	0.08374450355768204
sm_topology_axis	536	0.0710863247513771
sm_topology_axis	537	0.07076938450336456
sm_topology_axis	538	0.07821249216794968
sm_topology_axis	539	0.09391991794109344
sm_topology_axis	540	0.08102735877037048
sm_topology_axis	541	0.08299817144870758
sm_topology_axis	542	0.07257045060396194
sm_topology_axis	543	0.0715581402182579
sm_topology_axis	544	0.08151736110448837
sm_topology_axis	545	0.07912316173315048
sm_topology_axis	546	0.08206380903720856
sm_topology_axis	547	0.07138717919588089
sm_topology_axis	548	0.07925210148096085
sm_topology_axis	549	0.0690261647105217
sm_topology_axis	550	0.08797197043895721
sm_topology_axis	551	0.0973365306854248
sm_topology_axis	552	0.070402130484581
sm_topology_axis	553	0.07167191058397293
sm_topology_axis	554	0.07362116873264313
sm_topology_axis	555	0.07127153873443604
sm_topology_axis	556	0.07936766743659973
sm_topology_axis	557	0.08392113447189331
sm_topology_axis	558	0.0810457170009613
sm_topology_axis	559	0.0851842612028122
sm_topology_axis	560	0.08687207102775574
sm_topology_axis	561	0.07682327181100845
sm_topology_axis	562	0.07488849759101868
sm_topology_axis	563	0.0789157971739769
sm_topology_axis	564	0.0788506269454956
sm_topology_axis	565	0.07332812994718552
sm_topology_axis	566	0.07006698846817017
sm_topology_axis	567	0.0692427009344101
sm_topology_axis	568	0.07746163755655289
sm_topology_axis	569	0.07386935502290726
sm_topology_axis	570	0.08644058555364609
sm_topology_axis	571	0.08399301767349243
sm_topology_axis	572	0.0854877158999443
sm_topology_axis	573	0.07312193512916565
sm_topology_axis	574	0.07821407914161682
sm_topology_axis	575	0.08435069769620895
sm_topology_axis	576	0.09183242917060852
sm_topology_axis	577	0.07308067381381989
sm_topology_axis	578	0.08145181834697723
sm_topology_axis	579	0.07048136740922928
sm_topology_axis	580	0.08370433002710342
sm_topology_axis	581	0.07103023678064346
sm_topology_axis	582	0.07888318598270416
sm_topology_axis	583	0.07933985441923141
sm_topology_axis	584	0.07040813565254211
sm_topology_axis	585	0.08047160506248474
sm_topology_axis	586	0.08042670786380768
sm_topology_axis	587	0.07488685101270676
sm_topology_axis	588	0.06536800414323807
sm_topology_axis	589	0.08536447584629059
sm_topology_axis	590	0.08258775621652603
sm_topology_axis	591	0.07137810438871384
sm_topology_axis	592	0.08572475612163544
sm_topology_axis	593	0.08052334934473038
sm_topology_axis	594	0.07258839160203934
sm_topology_axis	595	0.07407252490520477
sm_topology_axis	596	0.07044454663991928
sm_topology_axis	597	0.07441378384828568
sm_topology_axis	598	0.08884111046791077
sm_topology_axis	599	0.07943709194660187
sm_topology_axis	600	0.08276461064815521
sm_topology_axis	601	0.06518850475549698
sm_topology_axis	602	0.07493366301059723
sm_topology_axis	603	0.06391186267137527
sm_topology_axis	604	0.08130168914794922
sm_topology_axis	605	0.07604600489139557
sm_topology_axis	606	0.08587326109409332
sm_topology_axis	607	0.07650550454854965
sm_topology_axis	608	0.08668985962867737
sm_topology_axis	609	0.07451797276735306
sm_topology_axis	610	0.07374794036149979
sm_topology_axis	611	0.08173193782567978
sm_topology_axis	612	0.07691775262355804
sm_topology_axis	613	0.08310505002737045
sm_topology_axis	614	0.07534118741750717
sm_topology_axis	615	0.07540097832679749
sm_topology_axis	616	0.07108736038208008
sm_topology_axis	617	0.09046987444162369
sm_topology_axis	618	0.07052543759346008
sm_topology_axis	619	0.07478084415197372
sm_topology_axis	620	0.07291137427091599
sm_topology_axis	621	0.07659445703029633
sm_topology_axis	622	0.07420524954795837
sm_topology_axis	623	0.073361337184906
sm_topology_axis	624	0.08182881772518158
sm_topology_axis	625	0.06938236206769943
sm_topology_axis	626	0.07206826657056808
sm_topology_axis	627	0.08939654380083084
sm_topology_axis	628	0.06817729026079178
sm_topology_axis	629	0.08837922662496567
sm_topology_axis	630	0.06691797077655792
sm_topology_axis	631	0.07941342145204544
sm_topology_axis	632	0.0841977670788765
sm_topology_axis	633	0.07625629752874374
sm_topology_axis	634	0.06438713520765305
sm_topology_axis	635	0.0836990624666214
sm_topology_axis	636	0.07730431109666824
sm_topology_axis	637	0.09315860271453857
sm_topology_axis	638	0.07138768583536148
sm_topology_axis	639	0.0738995373249054
sm_topology_axis	640	0.07855652272701263
sm_topology_axis	641	0.07404756546020508
sm_topology_axis	642	0.07462796568870544
sm_topology_axis	643	0.07800856232643127
sm_topology_axis	644	0.07704205065965652
sm_topology_axis	645	0.07554125785827637
sm_topology_axis	646	0.06757107377052307
sm_topology_axis	647	0.08880562335252762
sm_topology_axis	648	0.08104352653026581
sm_topology_axis	649	0.07287035882472992
sm_topology_axis	650	0.07381628453731537
sm_topology_axis	651	0.07281265407800674
sm_topology_axis	652	0.08049788326025009
sm_topology_axis	653	0.08254449814558029
sm_topology_axis	654	0.07543408870697021
sm_topology_axis	655	0.0845499187707901
sm_topology_axis	656	0.07344383746385574
sm_topology_axis	657	0.07409803569316864
sm_topology_axis	658	0.07965905219316483
sm_topology_axis	659	0.08090859651565552
sm_topology_axis	660	0.07047298550605774
sm_topology_axis	661	0.07781777530908585
sm_topology_axis	662	0.0773792415857315
sm_topology_axis	663	0.0758592039346695
sm_topology_axis	664	0.08260608464479446
sm_topology_axis	665	0.09241063892841339
sm_topology_axis	666	0.0722254291176796
sm_topology_axis	667	0.07524775713682175
sm_topology_axis	668	0.09105198830366135
sm_topology_axis	669	0.08828641474246979
sm_topology_axis	670	0.07575812190771103
sm_topology_axis	671	0.08151930570602417
sm_topology_axis	672	0.08088646829128265
sm_topology_axis	673	0.07719583064317703
sm_topology_axis	674	0.07509569823741913
sm_topology_axis	675	0.09151073545217514
sm_topology_axis	676	0.07314018160104752
sm_topology_axis	677	0.07421047985553741
sm_topology_axis	678	0.07247092574834824
sm_topology_axis	679	0.0797363668680191
sm_topology_axis	680	0.0835992768406868
sm_topology_axis	681	0.07315392792224884
sm_topology_axis	682	0.07224874198436737
sm_topology_axis	683	0.08149710297584534
sm_topology_axis	684	0.07057373970746994
sm_topology_axis	685	0.07386776059865952
sm_topology_axis	686	0.07062964886426926
sm_topology_axis	687	0.06722749769687653
sm_topology_axis	688	0.07061400264501572
sm_topology_axis	689	0.08434080332517624
sm_topology_axis	690	0.06970018148422241
sm_topology_axis	691	0.06761995702981949
sm_topology_axis	692	0.08475220203399658
sm_topology_axis	693	0.08193095028400421
sm_topology_axis	694	0.07503551244735718
sm_topology_axis	695	0.0767548531293869
sm_topology_axis	696	0.07656464725732803
sm_topology_axis	697	0.07239067554473877
sm_topology_axis	698	0.07908370345830917
sm_topology_axis	699	0.08578358590602875
sm_topology_axis	700	0.08449165523052216
sm_topology_axis	701	0.08488625288009644
sm_topology_axis	702	0.07422331720590591
sm_topology_axis	703	0.07624254375696182
sm_topology_axis	704	0.08254913240671158
sm_topology_axis	705	0.08591768145561218
sm_topology_axis	706	0.07945023477077484
sm_topology_axis	707	0.06586802005767822
sm_topology_axis	708	0.08223279565572739
sm_topology_axis	709	0.07584724575281143
sm_topology_axis	710	0.07079214602708817
sm_topology_axis	711	0.08656150847673416
sm_topology_axis	712	0.0821930542588234
sm_topology_axis	713	0.08195941150188446
sm_topology_axis	714	0.07221885770559311
sm_topology_axis	715	0.07279418408870697
sm_topology_axis	716	0.07317865639925003
sm_topology_axis	717	0.08341799676418304
sm_topology_axis	718	0.08355884999036789
sm_topology_axis	719	0.07585839927196503
sm_topology_axis	720	0.07497303932905197
sm_topology_axis	721	0.0700182318687439
sm_topology_axis	722	0.08247910439968109
sm_topology_axis	723	0.08119142800569534
sm_topology_axis	724	0.07280764728784561
sm_topology_axis	725	0.0817461609840393
sm_topology_axis	726	0.08821176737546921
sm_topology_axis	727	0.0746968686580658
sm_topology_axis	728	0.0770263597369194
sm_topology_axis	729	0.07699664682149887
sm_topology_axis	730	0.07211560010910034
sm_topology_axis	731	0.08697196841239929
sm_topology_axis	732	0.08601640909910202
sm_topology_axis	733	0.06717722117900848
sm_topology_axis	734	0.07218223065137863
sm_topology_axis	735	0.08107009530067444
sm_topology_axis	736	0.08603094518184662
sm_topology_axis	737	0.0813603401184082
sm_topology_axis	738	0.0742628276348114
sm_topology_axis	739	0.0858154147863388
sm_topology_axis	740	0.08647377043962479
sm_topology_axis	741	0.07078580558300018
sm_topology_axis	742	0.06882169097661972
sm_topology_axis	743	0.0718800500035286
sm_topology_axis	744	0.09358474612236023
sm_topology_axis	745	0.07891328632831573
sm_topology_axis	746	0.064311183989048
sm_topology_axis	747	0.08106934279203415
sm_topology_axis	748	0.08227025717496872
sm_topology_axis	749	0.07691696286201477
sm_topology_axis	750	0.07587426900863647
sm_topology_axis	751	0.07875557988882065
sm_topology_axis	752	0.09057652205228806
sm_topology_axis	753	0.07061763852834702
sm_topology_axis	754	0.08525825291872025
sm_topology_axis	755	0.07735610008239746
sm_topology_axis	756	0.07230059057474136
sm_topology_axis	757	0.08537912368774414
sm_topology_axis	758	0.07238426804542542
sm_topology_axis	759	0.08237142860889435
sm_topology_axis	760	0.07418592274188995
sm_topology_axis	761	0.07669784873723984
sm_topology_axis	762	0.07682761549949646
sm_topology_axis	763	0.07491979748010635
sm_topology_axis	764	0.07388737052679062
sm_topology_axis	765	0.09437087178230286
sm_topology_axis	766	0.10022079199552536
sm_topology_axis	767	0.07242265343666077
sm_topology_axis	768	0.07859399914741516
sm_topology_axis	769	0.07552388310432434
sm_topology_axis	770	0.07740677148103714
sm_topology_axis	771	0.0683216005563736
sm_topology_axis	772	0.07759173959493637
sm_topology_axis	773	0.07595976442098618
sm_topology_axis	774	0.0869985818862915
sm_topology_axis	775	0.07706831395626068
sm_topology_axis	776	0.07236538827419281
sm_topology_axis	777	0.07370579242706299
sm_topology_axis	778	0.0759790688753128
sm_topology_axis	779	0.0701998844742775
sm_topology_axis	780	0.0915447250008583
sm_topology_axis	781	0.07282213121652603
sm_topology_axis	782	0.07701612263917923
sm_topology_axis	783	0.07240843027830124
sm_topology_axis	784	0.07497100532054901
sm_topology_axis	785	0.07601878046989441
sm_topology_axis	786	0.07577987760305405
sm_topology_axis	787	0.07907596975564957
sm_topology_axis	788	0.07366180419921875
sm_topology_axis	789	0.07587863504886627
sm_topology_axis	790	0.07377184927463531
sm_topology_axis	791	0.07687932252883911
sm_topology_axis	792	0.07693957537412643
sm_topology_axis	793	0.07858235388994217
sm_topology_axis	794	0.07348280400037766
sm_topology_axis	795	0.0849405825138092
sm_topology_axis	796	0.0812370628118515
sm_topology_axis	797	0.07233338803052902
sm_topology_axis	798	0.0796002447605133
sm_topology_axis	799	0.07771678268909454
sm_topology_axis	800	0.06844986230134964
sm_topology_axis	801	0.08456742018461227
sm_topology_axis	802	0.07689031958580017
sm_topology_axis	803	0.07731768488883972
sm_topology_axis	804	0.07014117389917374
sm_topology_axis	805	0.08174416422843933
sm_topology_axis	806	0.07516880333423615
sm_topology_axis	807	0.07409898191690445
sm_topology_axis	808	0.08485375344753265
sm_topology_axis	809	0.06992185115814209
sm_topology_axis	810	0.07991013675928116
sm_topology_axis	811	0.07303323596715927
sm_topology_axis	812	0.07318393886089325
sm_topology_axis	813	0.08584924787282944
sm_topology_axis	814	0.07710312306880951
sm_topology_axis	815	0.07745448499917984
sm_topology_axis	816	0.10147827863693237
sm_topology_axis	817	0.06945569068193436
sm_topology_axis	818	0.07847537845373154
sm_topology_axis	819	0.07329381257295609
sm_topology_axis	820	0.07273053377866745
sm_topology_axis	821	0.07226413488388062
sm_topology_axis	822	0.08238250017166138
sm_topology_axis	823	0.07820913195610046
sm_topology_axis	824	0.07289531826972961
sm_topology_axis	825	0.08453283458948135
sm_topology_axis	826	0.07597285509109497
sm_topology_axis	827	0.0821155533194542
sm_topology_axis	828	0.07765454053878784
sm_topology_axis	829	0.07700217515230179
sm_topology_axis	830	0.07535015791654587
sm_topology_axis	831	0.08560747653245926
sm_topology_axis	832	0.08784300833940506
sm_topology_axis	833	0.07339482009410858
sm_topology_axis	834	0.07123936712741852
sm_topology_axis	835	0.0718730092048645
sm_topology_axis	836	0.083181232213974
sm_topology_axis	837	0.07742130756378174
sm_topology_axis	838	0.08069245517253876
sm_topology_axis	839	0.08649362623691559
sm_topology_axis	840	0.08321560174226761
sm_topology_axis	841	0.0861586481332779
sm_topology_axis	842	0.0970248281955719
sm_topology_axis	843	0.07573837786912918
sm_topology_axis	844	0.07355055958032608
sm_topology_axis	845	0.07455404102802277
sm_topology_axis	846	0.07878853380680084
sm_topology_axis	847	0.08022750914096832
sm_topology_axis	848	0.0816807895898819
sm_topology_axis	849	0.09155747294425964
sm_topology_axis	850	0.0853918120265007
sm_topology_axis	851	0.07497280091047287
sm_topology_axis	852	0.07468941062688828
sm_topology_axis	853	0.09498285502195358
sm_topology_axis	854	0.08751009404659271
sm_topology_axis	855	0.07843418419361115
sm_topology_axis	856	0.07645488530397415
sm_topology_axis	857	0.06787073612213135
sm_topology_axis	858	0.07747519761323929
sm_topology_axis	859	0.08054132759571075
sm_topology_axis	860	0.08689296245574951
sm_topology_axis	861	0.07889284938573837
sm_topology_axis	862	0.0821554884314537
sm_topology_axis	863	0.07811808586120605
sm_topology_axis	864	0.08193937689065933
sm_topology_axis	865	0.07732244580984116
sm_topology_axis	866	0.08999578654766083
sm_topology_axis	867	0.07917749881744385
sm_topology_axis	868	0.0763191431760788
sm_topology_axis	869	0.07603483647108078
sm_topology_axis	870	0.07137354463338852
sm_topology_axis	871	0.07182054966688156
sm_topology_axis	872	0.0723065733909607
sm_topology_axis	873	0.0984133630990982
sm_topology_axis	874	0.07756626605987549
sm_topology_axis	875	0.07671625912189484
sm_topology_axis	876	0.07652607560157776
sm_topology_axis	877	0.07912901788949966
sm_topology_axis	878	0.0742831826210022
sm_topology_axis	879	0.06833325326442719
sm_topology_axis	880	0.0806436687707901
sm_topology_axis	881	0.07134835422039032
sm_topology_axis	882	0.08398573845624924
sm_topology_axis	883	0.07276974618434906
sm_topology_axis	884	0.07177236676216125
sm_topology_axis	885	0.08599251508712769
sm_topology_axis	886	0.06904066354036331
sm_topology_axis	887	0.08332621306180954
sm_topology_axis	888	0.06511475145816803
sm_topology_axis	889	0.08533182740211487
sm_topology_axis	890	0.08494045585393906
sm_topology_axis	891	0.08243569731712341
sm_topology_axis	892	0.07222554832696915
sm_topology_axis	893	0.06747889518737793
sm_topology_axis	894	0.09319498389959335
sm_topology_axis	895	0.0788496658205986
sm_topology_axis	896	0.079056516289711
sm_topology_axis	897	0.06832334399223328
sm_topology_axis	898	0.07143198698759079
sm_topology_axis	899	0.073259137570858
sm_topology_axis	900	0.08332426100969315
sm_topology_axis	901	0.07581309974193573
sm_topology_axis	902	0.0743161141872406
sm_topology_axis	903	0.06988849490880966
sm_topology_axis	904	0.08808383345603943
sm_topology_axis	905	0.07743353396654129
sm_topology_axis	906	0.07013241946697235
sm_topology_axis	907	0.0836489275097847
sm_topology_axis	908	0.07265454530715942
sm_topology_axis	909	0.07662732899188995
sm_topology_axis	910	0.08682404458522797
sm_topology_axis	911	0.06875870376825333
sm_topology_axis	912	0.07481461763381958
sm_topology_axis	913	0.09105807542800903
sm_topology_axis	914	0.0829177275300026
sm_topology_axis	915	0.0904601439833641
sm_topology_axis	916	0.08396552503108978
sm_topology_axis	917	0.08047821372747421
sm_topology_axis	918	0.07617922127246857
sm_topology_axis	919	0.08380656689405441
sm_topology_axis	920	0.09184408187866211
sm_topology_axis	921	0.08475913852453232
sm_topology_axis	922	0.08918812870979309
sm_topology_axis	923	0.09022419899702072
sm_topology_axis	924	0.07556083798408508
sm_topology_axis	925	0.07996916025876999
sm_topology_axis	926	0.08421765267848969
sm_topology_axis	927	0.08235069364309311
sm_topology_axis	928	0.07713233679533005
sm_topology_axis	929	0.08319033682346344
sm_topology_axis	930	0.06998539716005325
sm_topology_axis	931	0.08584093302488327
sm_topology_axis	932	0.06521355360746384
sm_topology_axis	933	0.0857042595744133
sm_topology_axis	934	0.07235073298215866
sm_topology_axis	935	0.07504680752754211
sm_topology_axis	936	0.06482233107089996
sm_topology_axis	937	0.06954171508550644
sm_topology_axis	938	0.07387242466211319
sm_topology_axis	939	0.06929527968168259
sm_topology_axis	940	0.06892038881778717
sm_topology_axis	941	0.07547652721405029
sm_topology_axis	942	0.07686491310596466
sm_topology_axis	943	0.06999776512384415
sm_topology_axis	944	0.06981693208217621
sm_topology_axis	945	0.08222826570272446
sm_topology_axis	946	0.07782604545354843
sm_topology_axis	947	0.07674236595630646
sm_topology_axis	948	0.08019641041755676
sm_topology_axis	949	0.0772673487663269
sm_topology_axis	950	0.0934114158153534
sm_topology_axis	951	0.07180699706077576
sm_topology_axis	952	0.07692382484674454
sm_topology_axis	953	0.07871648669242859
sm_topology_axis	954	0.07419164478778839
sm_topology_axis	955	0.075107142329216
sm_topology_axis	956	0.07709024846553802
sm_topology_axis	957	0.08948548883199692
sm_topology_axis	958	0.07574126869440079
sm_topology_axis	959	0.0905802845954895
sm_topology_axis	960	0.08760978281497955
sm_topology_axis	961	0.08139162510633469
sm_topology_axis	962	0.07479030638933182
sm_topology_axis	963	0.08360224962234497
sm_topology_axis	964	0.07411766052246094
sm_topology_axis	965	0.08010991662740707
sm_topology_axis	966	0.08277672529220581
sm_topology_axis	967	0.08419319242238998
sm_topology_axis	968	0.07172150909900665
sm_topology_axis	969	0.07434612512588501
sm_topology_axis	970	0.07466572523117065
sm_topology_axis	971	0.09267269819974899
sm_topology_axis	972	0.07514221966266632
sm_topology_axis	973	0.07593370974063873
sm_topology_axis	974	0.08705276995897293
sm_topology_axis	975	0.08018244802951813
sm_topology_axis	976	0.07337437570095062
sm_topology_axis	977	0.0790887326002121
sm_topology_axis	978	0.07101242244243622
sm_topology_axis	979	0.06854625791311264
sm_topology_axis	980	0.09352012723684311
sm_topology_axis	981	0.07727032154798508
sm_topology_axis	982	0.07984418421983719
sm_topology_axis	983	0.08108115196228027
sm_topology_axis	984	0.08438743650913239
sm_topology_axis	985	0.08604409545660019
sm_topology_axis	986	0.06899156421422958
sm_topology_axis	987	0.0895952433347702
sm_topology_axis	988	0.07852475345134735
sm_topology_axis	989	0.08894166350364685
sm_topology_axis	990	0.07990071922540665
sm_topology_axis	991	0.08490027487277985
sm_topology_axis	992	0.07624983042478561
sm_topology_axis	993	0.06585852056741714
sm_topology_axis	994	0.07395599782466888
sm_topology_axis	995	0.06934388726949692
sm_topology_axis	996	0.0880323126912117
sm_topology_axis	997	0.079875648021698
sm_topology_axis	998	0.0820050984621048
sm_topology_axis	999	0.07694820314645767
sm_topology_axis	1000	0.06957370787858963
